Year,ACC,Big_Ten,Big_12,Pac_12,SEC,Other,Height_IN,Weight_LBS,Wonderlic,40_Yard,Bench_Press,Vert_Leap_IN,Broad_Jump_IN,Shuttle,3Cone,Started
2020,0,0,0,0,0,1,75.13,229,NA,4.69,NA,35,125,4.51,7.33,No
2020,0,0,0,0,0,0,75.63,221,NA,NA,NA,NA,NA,NA,NA,Yes
2020,0,0,0,0,0,1,76.13,224,NA,5,NA,28,109,4.37,7.13,No
2020,0,0,0,1,1,0,77.88,231,NA,4.89,NA,27.5,110,4.75,7.5,No
2020,0,0,0,0,0,0,73.88,219,NA,5.01,NA,30,111,4.51,7.27,No
2020,0,0,0,1,0,0,74.38,205,NA,NA,NA,NA,NA,NA,NA,No
2020,0,0,0,1,0,1,78.25,236,NA,4.68,NA,35.5,123,4.46,7.06,Yes
2020,0,0,1,0,0,1,73,222,NA,4.59,NA,35,125,NA,NA,Yes
2020,0,1,0,0,0,1,74.5,213,NA,4.95,NA,31,113,4.4,7.14,No
2020,0,0,0,0,0,1,75.75,224,NA,4.74,NA,35.5,118,4.52,7.21,Yes
2020,0,0,0,0,1,0,75.13,215,NA,4.58,NA,36,121,4.52,7.13,No
2020,0,0,0,1,0,0,76,231,NA,4.68,NA,33,117,4.43,7.25,No
2020,0,0,0,0,0,1,76,229,NA,4.89,NA,29,112,4.64,7.51,No
2020,0,1,0,0,1,0,73,202,NA,4.71,NA,31,116,4.5,7.14,No
2020,1,0,0,0,0,1,72.5,224,NA,4.47,21,38,123,NA,NA,Yes
2020,0,1,0,0,0,0,75.75,235,NA,4.81,NA,28.5,108,4.48,7.26,No
2020,0,0,0,0,0,1,72,217,NA,NA,NA,NA,NA,NA,NA,Yes
2019,0,0,0,1,0,1,74,211,NA,4.74,NA,29,112,4.44,7.19,No
2019,0,0,0,0,0,0,76,213,NA,4.73,NA,30.5,116,4.2,7.2,Yes
2019,0,0,0,0,0,0,73.75,208,NA,NA,NA,NA,NA,NA,NA,No
2019,0,0,1,0,0,0,74.5,217,NA,4.84,NA,34,112,4.28,7.09,Yes
2019,0,1,0,0,0,0,75.38,231,NA,5.04,NA,28.5,NA,NA,NA,Yes
2019,0,0,0,0,0,1,79,249,NA,4.59,NA,34.5,120,4.28,7.09,No
2019,1,0,0,0,0,0,77.13,221,NA,4.81,NA,33.5,120,4.41,7,Yes
2019,0,0,0,0,0,0,75.75,228,NA,4.69,NA,31,112,4.12,7.03,Yes
2019,0,1,0,0,1,0,72.13,202,NA,4.57,NA,33,115,4.12,7.09,Yes
2019,0,0,0,1,0,0,72.88,225,NA,4.97,NA,33.5,116,4.45,7.14,No
2019,0,0,1,0,0,1,70.13,207,NA,NA,NA,NA,NA,NA,NA,Yes
2019,0,0,0,0,0,0,73.75,210,NA,4.91,NA,33,116,4.29,7.1,No
2019,0,0,0,0,1,0,76,230,NA,4.91,NA,29.5,106,4.53,7.51,No
2019,0,0,0,0,0,0,73.25,224,NA,4.62,NA,33.5,118,4.05,6.65,Yes
2019,0,0,0,0,0,0,74.38,218,NA,4.81,NA,31,110,4.33,7.28,Yes
2019,0,0,0,0,1,0,74.63,221,NA,4.77,NA,27.5,109,4.36,7.06,No
2019,0,1,0,0,0,1,76,222,NA,NA,NA,NA,NA,NA,NA,No
2018,0,0,0,0,0,1,72.38,210,NA,4.81,NA,29.5,112,4.48,7.18,No
2018,0,0,0,0,0,0,76.88,237,NA,4.75,NA,33.5,119,4.4,6.9,Yes
2018,0,1,0,0,1,0,73.25,224,NA,4.7,NA,30,108,4.44,7.38,No
2018,1,0,0,0,0,0,74.63,218,NA,4.95,16,31,112,4.33,7.15,No
2018,0,0,0,0,0,0,75,220,NA,NA,NA,NA,NA,NA,NA,No
2018,0,0,0,0,0,0,75.38,221,NA,4.85,NA,26.5,105,4.4,6.96,Yes
2018,0,0,1,0,0,0,74.5,209,NA,NA,NA,NA,NA,NA,NA,No
2018,0,0,0,0,0,1,74.5,222,NA,4.76,NA,30.5,114,4.37,7.09,No
2018,0,0,0,1,0,1,75.63,215,NA,NA,NA,26.5,103,NA,NA,Yes
2018,0,0,0,0,0,0,74.75,212,NA,4.98,NA,29,110,4.4,6.96,No
2018,0,0,0,0,0,1,70.38,214,NA,4.63,NA,NA,112,4.57,6.81,No
2018,1,0,0,0,0,0,74.25,216,NA,NA,NA,NA,NA,NA,NA,Yes
2018,0,0,0,0,0,0,74.63,222,NA,4.81,NA,31,113,4.07,6.95,Yes
2018,0,1,0,0,0,0,76.25,218,NA,4.98,NA,32,115,4.41,7,No
2018,0,0,0,0,1,0,77,230,NA,4.9,NA,29.5,106,4.53,7.49,No
2018,0,0,1,0,0,0,72.63,215,NA,4.84,NA,29,111,4.28,7,Yes
2018,0,0,0,1,0,1,76,226,NA,4.92,NA,31,111,4.28,7.09,Yes
2018,0,0,1,0,0,1,75,220,NA,4.88,NA,28.5,101,4.32,7.28,No
2018,0,0,0,0,0,0,76.63,224,NA,5.09,NA,27,96,4.4,7.4,No
2018,0,0,0,0,0,0,73.25,213,NA,4.79,NA,31.5,103,4.15,6.94,Yes
2017,0,0,0,0,0,1,75.25,216,29,4.64,NA,33,122,4.31,6.75,Yes
2017,1,0,0,0,0,0,74.63,232,21,4.8,NA,26.5,112,4.41,NA,No
2017,1,0,0,0,1,0,75.75,214,34,NA,NA,NA,NA,NA,NA,No
2017,0,0,0,0,0,0,73.75,224,22,NA,NA,NA,NA,4.08,NA,Yes
2017,1,0,0,0,0,0,76.13,233,28,4.83,NA,30.5,107,4.53,7.4,Yes
2017,0,0,0,0,0,0,72.75,219,NA,4.54,NA,35.5,124,4.14,7.04,No
2017,0,1,0,0,0,1,75.38,226,NA,4.93,NA,34.5,123,4.25,6.96,No
2017,0,0,0,1,1,0,75.38,232,NA,5.08,NA,27,105,4.45,7.32,No
2017,0,0,1,0,0,1,74.13,225,24,4.8,NA,30,114,4.08,6.88,Yes
2017,1,0,0,0,1,0,74.63,226,33,4.82,NA,31,110,4.31,7.14,Yes
2017,0,0,0,0,0,1,74.63,228,NA,4.93,NA,27,105,4.47,7.23,No
2017,0,0,1,0,0,0,74.88,213,NA,NA,NA,NA,NA,NA,NA,No
2017,1,0,0,0,1,0,74.13,222,25,4.67,NA,27.5,116,4.25,6.87,Yes
2017,1,0,0,0,0,1,74.13,221,20,4.66,NA,32.5,119,4.31,6.95,Yes
2017,0,0,0,1,0,0,76.63,229,25,4.79,NA,33,118,4.21,6.92,No
2016,0,0,0,1,0,0,70.88,200,NA,4.83,NA,29.5,114,4.2,6.82,No
2016,0,0,0,0,0,1,73.38,217,NA,4.84,NA,28,110,4.33,7.06,Yes
2016,0,0,0,0,0,1,72,212,NA,4.77,NA,32,110,4.4,NA,No
2016,0,0,0,0,0,0,75.75,231,NA,4.94,NA,31,113,4.53,7.17,Yes
2016,0,1,0,0,0,1,76,217,NA,4.79,NA,33,113,4.28,7.21,Yes
2016,0,0,0,0,0,0,74.75,213,NA,5.22,NA,27,103,4.52,7.49,No
2016,0,0,0,0,0,1,76,234,NA,4.56,NA,32,122,4.25,7.19,Yes
2016,0,0,0,1,0,1,76,215,36,4.82,NA,27,110,4.47,7.17,Yes
2016,0,1,0,0,0,0,76.38,223,NA,4.78,NA,31,114,4.33,7.04,No
2016,0,0,0,1,0,1,75.25,218,NA,4.78,NA,32.5,113,4.31,6.9,Yes
2016,0,1,0,0,0,0,77,253,NA,4.81,NA,36,NA,NA,NA,Yes
2016,0,0,0,0,0,1,73.25,220,NA,4.89,NA,29.5,104,4,7.32,Yes
2016,0,0,0,0,0,0,78.63,244,NA,4.86,NA,36,118,4.26,7.14,Yes
2016,0,0,0,0,0,0,74.25,226,NA,4.79,NA,32.5,116,4.32,7.11,Yes
2016,0,1,0,0,0,0,77.25,236,NA,4.8,NA,33.5,115,4.33,7.29,No
2016,0,0,0,0,0,1,77.25,237,29,4.77,NA,30.5,118,4.15,6.86,Yes
2016,0,0,0,0,0,1,74.88,231,NA,4.8,NA,31,116,4.31,6.74,No
2015,0,0,0,0,1,0,74.25,211,NA,4.81,NA,37,125,4.2,7.13,No
2015,1,0,0,0,0,0,72.25,231,20,5.03,NA,26.5,100,4.62,7.47,No
2015,0,0,0,0,0,0,76.38,229,NA,4.72,NA,33,110,4.37,7.18,No
2015,0,0,0,0,0,1,73.88,218,25,4.94,NA,29.5,104,4.45,7.17,No
2015,0,0,0,0,0,0,73.5,223,31,4.63,NA,32.5,118,4.1,6.95,No
2015,0,0,0,1,1,0,75,196,31,4.87,NA,NA,NA,NA,NA,No
2015,0,0,0,1,0,0,75.25,226,26,4.63,NA,36,120,3.98,6.93,Yes
2015,0,0,0,0,0,0,76,237,NA,4.95,NA,NA,NA,NA,NA,No
2015,0,0,0,0,0,0,75,225,NA,4.9,NA,NA,NA,NA,NA,No
2015,0,0,0,1,0,0,77.63,229,40,5.14,NA,31,105,4.39,7.29,Yes
2015,0,0,0,1,0,1,75.75,222,NA,4.52,NA,36,121,4.11,6.87,Yes
2015,0,0,0,0,0,0,73,207,NA,4.84,NA,NA,NA,NA,NA,No
2015,0,0,0,0,0,0,76,220,NA,4.92,NA,NA,NA,NA,NA,No
2015,0,0,1,0,0,0,74.88,230,31,4.87,NA,34,121,4.13,6.91,Yes
2015,0,0,0,1,0,0,75,208,NA,4.79,NA,NA,NA,NA,NA,No
2015,0,1,0,0,0,0,74.88,210,NA,4.94,NA,NA,NA,NA,NA,Yes
2015,0,0,1,0,1,0,72.88,204,NA,4.85,NA,NA,NA,NA,NA,No
2015,1,0,0,0,0,1,76.38,220,NA,5.06,19,40,123,4.18,6.96,No
2015,1,0,0,0,0,1,75.75,231,27,4.97,NA,28.5,103,4.36,7.16,Yes
2014,0,0,0,0,0,0,77,232,28,4.93,NA,32.5,114,4.21,7.08,Yes
2014,1,0,0,0,0,1,72.63,222,NA,4.84,NA,30.5,104,4.23,7.33,No
2014,0,0,0,0,0,1,74.38,214,20,4.69,NA,34.5,110,4.2,NA,Yes
2014,0,0,0,0,0,0,73.63,212,NA,4.99,NA,28,102,4.5,7.55,Yes
2014,0,0,0,0,0,0,74.25,226,24,4.97,NA,30.5,110,4.26,7.04,Yes
2014,0,0,0,0,0,0,72.13,217,NA,4.76,NA,29.5,109,4.2,6.55,No
2014,0,0,0,0,0,0,71.75,207,32,4.68,NA,31.5,112,4.03,6.75,Yes
2014,0,0,0,0,0,1,75.75,223,NA,5.26,NA,25.5,104,4.36,7.14,No
2014,0,0,0,0,0,1,75.25,220,NA,4.94,NA,28,99,4.34,7.18,Yes
2014,0,0,0,0,1,0,76.88,224,NA,NA,NA,NA,NA,NA,NA,Yes
2014,1,0,0,0,0,0,73.88,213,NA,4.63,NA,30,111,4.49,7.36,No
2014,0,0,0,0,0,1,72.5,207,NA,NA,NA,NA,NA,NA,NA,No
2014,1,0,0,0,0,1,75.25,228,NA,4.87,NA,25.5,108,4.3,7.22,No
2014,1,0,0,0,0,1,75.88,228,NA,4.97,NA,27,104,4.36,7.33,Yes
2014,0,0,0,0,0,0,72.38,206,NA,4.66,NA,34,115,4.33,7.07,No
2014,1,0,0,0,0,1,78.13,248,NA,4.61,NA,35.5,116,4.18,7.05,Yes
2014,0,0,0,0,0,1,76.88,235,NA,4.95,NA,29,108,4.43,7.25,No
2014,0,0,0,0,0,1,74.63,218,NA,5,NA,28,99,4.25,7.07,No
2013,0,0,0,0,0,0,78.13,232,24,5.05,NA,NA,100,4.51,7.2,No
2013,0,0,0,0,0,0,74.13,212,NA,4.78,NA,30.5,112,4.28,6.98,No
2013,0,0,0,0,0,1,74.88,227,24,4.81,NA,NA,NA,NA,NA,No
2013,0,0,0,0,0,1,79.13,225,26,4.94,NA,26.5,102,4.52,7.49,Yes
2013,0,0,1,0,0,0,76.13,225,28,5.11,NA,31,115,4.3,7.12,Yes
2013,0,0,1,0,0,0,76.88,226,NA,4.78,NA,29,111,4.4,7.17,No
2013,1,0,0,0,0,1,76.63,237,28,4.65,NA,34,118,4.21,7.08,No
2013,1,0,0,0,0,1,74.13,227,41,5.06,NA,28.5,105,4.53,7.34,Yes
2013,1,0,0,0,0,0,75.13,219,NA,NA,NA,NA,NA,NA,NA,Yes
2013,0,0,0,1,0,0,74.13,213,22,4.69,NA,31,118,3.99,6.69,No
2013,0,0,1,0,0,0,74.38,218,24,4.58,NA,33.5,124,NA,NA,Yes
2013,0,0,0,0,0,0,76.5,229,NA,4.97,NA,29,112,4.55,7.17,No
2013,0,1,0,0,0,0,74.75,226,NA,4.92,NA,32,116,4.52,6.95,No
2013,0,0,0,0,0,0,74.13,215,20,4.95,NA,28.5,112,4.39,7.22,No
2012,0,0,0,0,0,1,75.5,215,NA,4.61,NA,31.5,106,4.3,7.03,No
2012,0,1,0,0,0,0,74.63,214,33,4.84,NA,28.5,109,4.5,7.05,Yes
2012,0,0,0,0,0,1,73.63,219,NA,4.69,NA,31,109,4.11,6.73,No
2012,0,0,1,0,0,1,74.38,223,24,4.33,NA,39,120,NA,NA,No
2012,0,0,0,0,0,1,73.63,219,NA,4.68,NA,32.5,112,4.15,6.78,No
2012,1,0,0,0,0,1,75,203,NA,4.65,NA,37,113,4.4,7.1,No
2012,0,0,0,0,1,0,76.13,223,NA,4.58,14,36.5,116,4.06,6.81,No
2012,0,0,0,0,0,1,75.75,229,35,4.86,NA,29.5,108,4.45,7.52,Yes
2012,0,0,0,1,1,0,76,234,37,4.59,NA,36,124,4.28,6.8,Yes
2012,0,0,0,0,0,1,72,197,26,4.82,NA,27,99,4.56,7.41,No
2012,0,0,0,1,0,0,78.88,242,25,4.83,NA,NA,NA,NA,NA,Yes
2012,0,0,0,0,1,0,75.88,221,34,4.65,NA,NA,NA,NA,NA,Yes
2012,0,0,0,1,0,0,74.63,220,NA,4.77,14,36,121,4.28,7.17,No
2012,0,1,0,0,0,0,70.63,204,28,4.53,NA,34,118,4.09,6.97,Yes
2012,0,0,0,0,1,0,75.5,225,NA,5.08,NA,31.5,101,4.37,7.14,No
2011,0,0,0,0,0,0,74,215,29,4.83,NA,29.5,106,4.27,6.93,Yes
2011,0,0,0,0,0,1,75.38,225,NA,4.81,NA,33,116,4.32,7.08,No
2011,0,0,0,0,0,1,76.13,240,NA,5.12,NA,25.5,102,4.46,7.13,No
2011,0,0,0,0,1,0,76.38,234,42,4.61,NA,33.5,120,4.26,6.84,Yes
2011,0,0,0,0,0,1,77.13,251,NA,4.75,NA,29,119,4.31,7.28,No
2011,0,0,0,0,0,1,76.63,233,NA,4.53,NA,32.5,115,4.18,6.85,Yes
2011,0,0,0,1,0,1,74.5,231,20,4.51,NA,35,115,4.12,6.77,Yes
2011,0,0,0,0,0,0,78.75,253,26,5.24,NA,24,103,NA,NA,Yes
2011,0,0,0,0,0,0,73.88,220,43,4.84,NA,33,107,4.45,7.11,Yes
2011,0,0,0,0,0,0,77,248,21,4.56,NA,35,126,4.18,6.92,Yes
2011,1,0,0,0,0,0,74,229,35,4.63,NA,34,116,4.09,6.85,Yes
2011,0,0,0,0,0,0,74.88,211,NA,4.59,NA,40,126,4.12,6.84,No
2011,0,1,0,0,0,0,76.38,223,30,4.87,NA,32.5,110,4.43,6.95,No
2011,1,0,0,0,0,0,72.75,217,NA,4.47,NA,37.5,126,4.09,6.78,Yes
2011,0,1,0,0,0,1,74,212,NA,4.92,NA,29.5,116,4.12,6.84,No
2011,0,0,0,0,0,0,77.25,218,NA,4.83,NA,31,114,4.16,6.87,No
2011,1,0,0,0,1,0,75.38,219,NA,5.06,NA,29.5,104,4.12,6.96,No
2010,0,0,1,0,0,1,76.25,236,36,4.79,NA,NA,NA,NA,NA,Yes
2010,0,0,1,0,0,0,74.88,224,NA,4.5,NA,34.5,114,4.39,7.24,No
2010,0,0,0,0,0,1,75.5,229,NA,4.93,20,31.5,106,4.43,7.07,Yes
2010,0,0,0,1,0,0,75.75,223,NA,4.93,NA,29.5,100,4.39,7.26,No
2010,1,0,0,0,0,1,74.63,222,23,4.76,NA,NA,NA,NA,NA,Yes
2010,0,0,0,0,0,0,72.63,209,NA,4.84,NA,32,102,4.35,7.07,No
2010,0,0,0,0,0,1,76,229,NA,4.97,18,32.5,118,4.54,7.1,No
2010,0,1,0,0,0,1,75.13,225,NA,4.93,NA,32,110,4.37,6.96,Yes
2010,0,0,0,0,0,0,75.25,230,NA,4.6,NA,29.5,110,4.22,6.93,No
2010,1,0,0,0,0,1,72.5,215,NA,4.84,NA,28,107,NA,NA,No
2010,0,0,1,0,0,0,73.13,216,25,4.79,NA,NA,114,NA,NA,Yes
2010,0,0,1,0,1,0,77.75,223,NA,4.9,NA,28.5,108,4.53,7.06,Yes
2010,0,0,1,0,0,0,74.5,214,NA,4.68,NA,35,110,4.4,7.24,No
2010,0,0,0,0,0,0,77.38,243,24,4.85,NA,33.5,108,4.33,7.17,Yes
2010,1,0,0,0,0,1,72,214,NA,5.05,NA,30,101,4.29,7.04,No
2010,0,0,0,0,0,1,75,219,22,5.04,NA,33,106,4.33,7.08,No
2010,0,0,0,0,0,1,74.75,236,22,4.71,NA,38.5,115,4.17,6.66,Yes
2009,0,0,0,0,0,1,74.75,225,NA,4.82,26,31.5,111,4.47,7,No
2009,0,0,0,0,1,0,74.25,225,NA,4.7,25,NA,106,4.06,6.91,No
2009,0,0,0,0,1,0,77,220,NA,4.87,NA,28.5,106,4.37,6.93,Yes
2009,0,0,0,0,0,1,72.63,219,NA,4.86,NA,30.5,106,4.44,7.43,No
2009,1,0,0,0,0,0,76.38,235,NA,5.22,NA,26,99,4.59,7.4,No
2009,0,0,0,0,1,0,73.38,226,NA,4.95,NA,26.5,99,NA,NA,No
2009,0,0,1,0,1,0,77.75,248,27,4.9,NA,33.5,119,4.43,7.11,Yes
2009,1,0,0,0,1,0,75,225,NA,4.95,19,30,105,4.49,7.43,No
2009,0,0,1,0,0,0,74.13,223,23,5.07,NA,29.5,98,4.56,7.45,No
2009,0,0,0,0,0,1,76.13,242,NA,5.12,NA,27,108,4.65,7.93,No
2009,0,1,0,0,0,0,74,215,NA,5.02,NA,32,109,4.42,7.1,No
2009,0,0,0,0,0,0,74.88,225,NA,4.61,NA,33,112,4.49,7.34,Yes
2009,0,0,0,0,0,0,75.13,222,NA,NA,NA,NA,NA,NA,NA,Yes
2009,0,1,0,0,0,1,74.88,225,NA,4.87,NA,29,102,4.48,7,Yes
2009,0,0,0,0,0,0,75,214,NA,4.79,NA,30.5,109,4.11,6.76,No
2009,0,0,0,0,0,0,74.13,227,28,4.93,NA,32.5,116,4.21,7.06,Yes
2009,0,0,0,0,0,0,74.25,225,38,4.81,NA,30.5,107,4.47,7.06,Yes
2009,0,0,1,0,0,1,72.25,197,NA,4.55,NA,35,117,4.42,7.06,Yes
2009,0,0,0,0,0,0,75.13,215,NA,4.9,NA,30.5,109,4.45,7.18,No
2009,0,0,0,0,0,0,73.5,219,NA,4.75,NA,29.5,105,4.59,7.53,No
2008,0,0,0,0,0,1,77.5,225,22,5.04,NA,21.5,108,4.6,7.51,No
2008,0,0,0,0,0,1,74.38,218,14,4.93,NA,22.5,99,4.58,NA,No
2008,0,0,0,0,0,0,74.38,207,NA,NA,NA,NA,NA,NA,NA,No
2008,0,0,0,1,0,1,74.25,211,27,5.03,NA,28,112,4.19,7.22,No
2008,1,0,0,0,0,0,74.88,230,32,4.85,NA,30,115,4.55,7.13,Yes
2008,0,0,0,1,0,0,75.25,195,NA,NA,NA,NA,NA,NA,NA,Yes
2008,0,0,0,0,0,0,78.38,236,27,4.86,NA,28.5,110,4.27,6.82,Yes
2008,0,0,0,0,0,0,74.25,231,38,4.81,NA,28,109,4.34,7.21,Yes
2008,0,1,0,0,0,1,74.88,230,22,4.95,NA,25.5,106,4.4,7.17,Yes
2008,0,0,0,0,0,0,74.75,213,24,4.53,16,33.5,110,4.42,7.56,Yes
2008,0,1,0,0,0,1,75.63,241,NA,5.03,NA,24,107,4.35,7.07,No
2008,0,1,0,0,1,0,75.63,231,NA,5.09,16,26.5,108,4.6,7.43,No
2008,0,0,0,0,0,1,75,223,NA,4.77,18,24.5,109,NA,NA,No
2008,0,0,0,0,0,1,77,225,24,4.66,NA,31,113,4.38,7.01,Yes
2008,0,0,0,1,0,1,74.13,227,NA,NA,NA,NA,NA,NA,NA,No
2008,1,0,0,0,0,1,76.75,228,32,4.94,NA,NA,NA,4.51,7.4,Yes
2008,0,0,0,0,0,0,73.25,208,NA,4.97,NA,26.5,111,4.29,7.02,No
2008,0,0,0,0,0,1,73.13,221,NA,4.85,NA,32,108,4.33,7.14,No
2008,1,0,0,0,0,0,75.4,218,NA,4.9,NA,25.5,105,4.32,7.34,No
2007,0,0,0,0,0,0,74.13,215,30,4.78,NA,29.5,111,4.17,6.81,Yes
2007,0,0,0,1,0,0,76.13,231,31,4.78,19,NA,NA,4.46,7.14,Yes
2007,0,0,0,0,0,1,74.5,222,20,4.99,NA,32.5,106,4.46,6.95,No
2007,0,0,0,0,0,0,76.25,232,28,5.04,NA,29.5,108,4.28,6.99,No
2007,0,0,1,0,1,0,75.13,218,NA,4.89,NA,32.5,112,4.44,6.94,Yes
2007,0,0,0,0,0,1,75.5,234,12,5.37,NA,25,91,4.64,7.77,No
2007,0,0,0,0,0,0,71.88,209,NA,4.77,NA,32.5,113,4.41,7.03,No
2007,1,0,0,0,0,1,73.38,215,18,4.88,NA,31.5,112,4.36,7.05,No
2007,0,0,0,0,0,1,77.63,231,23,4.99,NA,30.5,104,4.58,7.32,Yes
2007,0,0,0,0,1,0,74.5,208,NA,4.81,NA,34,112,4.49,7.35,No
2007,0,0,0,0,0,0,77.25,226,21,4.91,NA,29.5,114,4.42,6.72,Yes
2007,0,0,0,0,0,1,77.5,265,24,4.83,NA,NA,NA,NA,NA,Yes
2007,0,0,0,1,1,0,74.38,216,NA,NA,22,NA,NA,NA,NA,Yes
2007,0,1,0,0,1,0,75.25,226,35,4.77,NA,30.5,108,4.41,6.77,Yes
2007,0,1,0,0,0,1,73.63,207,NA,5.1,NA,27,104,4.6,7.29,No
2007,0,0,0,0,0,1,76.5,237,NA,5.14,NA,28.5,107,4.76,7.25,No
2007,0,1,0,0,0,0,74.38,216,NA,5.08,NA,30.5,110,4.6,7.39,No
2007,0,0,0,0,0,0,74.13,219,36,4.59,NA,35.5,111,4.08,6.78,No
2006,0,1,0,0,0,0,73.25,220,NA,4.79,NA,34,114,4.22,6.75,No
2006,0,0,0,1,0,1,73.63,224,35,4.89,NA,NA,NA,NA,NA,Yes
2006,0,0,0,0,0,1,74.5,205,24,4.94,NA,30.5,104,4.25,7.34,Yes
2006,0,0,0,0,0,0,75.25,226,26,4.81,23,NA,NA,4.26,7.1,Yes
2006,0,0,0,0,0,1,72.25,260,NA,5.13,NA,27.5,94,4.76,7.97,No
2006,0,0,0,0,0,0,73.38,217,NA,4.63,NA,34,107,4.16,7.12,Yes
2006,0,0,0,0,0,0,71.63,239,40,4.86,NA,33,110,4.69,7.62,No
2006,0,0,0,0,0,1,74,226,19,4.7,22,31.5,107,4.38,7.4,Yes
2006,0,0,0,0,0,1,75.88,232,38,4.86,NA,32.5,108,4.29,7.47,No
2006,0,0,0,0,0,0,74.38,216,37,4.74,NA,35,111,4.07,6.93,No
2006,0,0,0,0,0,0,74.25,220,30,4.72,NA,36,111,4.17,7.13,Yes
2006,0,0,0,0,0,1,74,198,NA,4.43,NA,32,121,4.25,6.96,Yes
2006,0,0,0,0,0,1,73,210,NA,4.7,NA,32.5,112,4.12,6.83,No
2006,0,0,0,0,0,0,76,226,NA,4.65,NA,32.5,114,4.26,6.94,No
2006,0,0,0,0,0,1,76.88,232,NA,5.14,NA,29,110,4.49,7.36,No
2006,1,0,0,0,0,0,76.63,233,NA,4.72,NA,33.5,116,4.1,6.76,No
2006,0,0,0,0,0,1,73.13,214,19,4.61,NA,37.5,121,4.17,7.07,No
2006,0,0,0,0,0,1,76.75,216,NA,4.64,NA,35,122,4.47,7.41,No
2006,1,0,0,0,0,0,72,200,11,4.51,NA,36,117,4.08,6.94,No
2006,1,0,0,0,0,1,76.75,223,33,4.76,NA,33,112,4.11,7,Yes
2006,0,0,1,0,1,0,76.6,229,15,4.48,NA,NA,NA,NA,NA,Yes
2005,0,0,0,0,0,0,74.25,218,19,5,NA,27.5,106,4.39,7.29,No
2005,0,0,0,1,0,1,78.13,242,23,5.06,NA,29,101,4.62,7.67,Yes
2005,1,0,0,0,0,1,73.5,221,13,4.89,NA,29,106,4.54,7.49,No
2005,0,0,0,0,0,1,73,211,26,5.1,NA,29,103,4.2,7.24,No
2005,0,0,0,0,0,1,74.13,222,NA,4.84,NA,33,108,4.34,7.41,No
2005,0,0,0,0,0,0,74.38,232,48,4.87,NA,30.5,103,4.07,7.09,Yes
2005,0,0,0,0,0,0,75.88,225,38,4.85,NA,33,109,4.08,6.94,Yes
2005,0,0,0,0,0,0,75.5,226,21,4.8,NA,31.5,113,4.1,7,No
2005,0,0,1,0,0,1,75.75,229,30,5.04,NA,29,97,4.52,7.41,No
2005,0,0,0,0,0,0,74,215,30,4.68,NA,33,113,4.07,6.89,No
2005,1,0,0,0,0,1,72.13,208,35,4.61,NA,31,111,4.09,7.03,No
2005,0,0,0,0,0,0,74.5,208,NA,4.69,NA,30.5,108,4.08,6.77,No
2005,1,0,0,0,0,0,75.5,218,26,4.73,22,34.5,128,4.08,6.93,No
2005,0,0,0,0,1,0,73.75,218,NA,4.91,NA,28.5,101,4.13,7.03,No
2005,0,0,0,0,1,0,77,225,30,4.98,NA,29.5,105,4.39,7.33,Yes
2005,0,1,0,0,0,1,76,233,27,5.11,NA,26.5,NA,4.52,7.38,Yes
2005,1,0,0,0,0,1,72.25,225,19,4.72,NA,33,112,4.08,6.97,No
2005,1,0,0,0,0,1,74,214,26,4.73,NA,33.5,113,4.53,7.53,No
2005,0,0,0,1,0,1,76.13,217,40,4.78,NA,32,113,3.96,6.82,Yes
2005,0,0,1,0,0,1,74.5,223,31,4.93,NA,31,102,4.19,7.28,No
2004,0,0,0,1,0,1,75.9,226,26,4.95,NA,30.5,113,4.18,7.28,No
2004,0,0,0,0,0,1,73.5,238,25,4.84,NA,31,115,NA,NA,No
2004,0,0,0,0,1,0,76.3,222,NA,4.85,NA,26.5,110,4.22,7.69,No
2004,0,1,0,0,0,1,75.5,228,38,4.84,NA,28,112,4.08,7.22,Yes
2004,0,0,0,0,0,1,74.3,224,31,4.7,NA,33,116,NA,NA,Yes
2004,0,0,0,0,0,1,76.8,221,39,4.9,NA,NA,NA,NA,NA,Yes
2004,0,0,0,0,0,0,75.9,208,24,4.71,NA,37.5,125,4.21,6.74,Yes
2004,0,1,0,0,1,0,78,246,24,5.18,NA,26.5,100,4.46,7.73,Yes
2004,0,0,0,1,0,1,75.5,233,19,4.8,NA,30.5,109,4.3,7.19,Yes
2004,0,0,0,0,0,0,73,224,NA,4.94,NA,30,119,4.34,7.44,No
2004,0,0,0,0,0,0,77,229,30,5.08,NA,NA,NA,NA,NA,Yes
2004,0,0,0,0,0,0,76.9,241,25,4.75,NA,NA,NA,NA,NA,Yes
2004,1,0,0,0,0,1,73.6,240,17,4.79,NA,30.5,110,4.41,7.66,No
2004,1,0,0,0,0,0,77.6,243,30,5.05,NA,30.5,110,4.62,7.65,Yes
2004,0,1,0,0,0,0,75.1,223,23,4.95,NA,26.5,101,4.36,7.65,No
2004,0,0,0,0,0,1,74.3,231,25,4.96,NA,33.5,115,4.11,6.89,Yes
2003,0,1,0,0,0,1,70.8,201,13,4.67,NA,33.5,112,NA,NA,No
2003,0,0,0,0,0,1,74,211,24,5.16,NA,28.5,103,4.42,7.59,No
2003,0,0,0,1,0,1,75,234,27,4.65,NA,35.5,117,3.99,7.19,Yes
2003,1,0,0,0,1,0,74,218,23,4.78,NA,35.5,114,4.34,7.36,No
2003,0,0,0,0,0,0,73,217,29,5.06,NA,NA,NA,NA,NA,Yes
2003,0,0,1,0,0,1,75.5,213,31,4.76,NA,30,101,4.07,6.91,Yes
2003,0,0,0,0,0,0,77.4,241,25,5.1,NA,NA,NA,NA,NA,Yes
2003,0,0,0,0,0,1,77,232,26,4.65,NA,NA,NA,NA,NA,Yes
2003,1,0,0,0,0,0,75.6,249,31,4.98,NA,30.5,101,4.32,7.4,Yes
2003,0,0,0,0,0,1,74,230,30,5.01,NA,30,105,4.2,7.11,No
2003,0,0,1,0,0,1,76.4,220,22,4.86,NA,31,103,4.18,7.37,Yes
2003,1,0,0,0,0,0,75,218,27,4.82,NA,30,106,NA,NA,Yes
2003,0,0,1,0,0,0,71.4,196,12,4.52,NA,38,127,4.14,6.97,Yes
2003,0,0,0,0,0,0,72.6,207,30,4.84,NA,32.5,113,4.07,7.13,No
2002,0,0,0,0,0,0,75.4,223,24,4.67,NA,35,106,4.28,7.05,Yes
2002,1,0,0,0,0,0,73.9,220,22,4.65,NA,35,110,4.11,7.06,No
2002,0,0,0,0,0,0,74,245,17,4.74,NA,25.5,NA,NA,NA,Yes
2002,0,0,0,0,0,1,73.8,210,27,4.87,NA,32.5,106,4.08,6.9,No
2002,0,0,0,1,0,1,75.4,234,25,4.78,NA,31.5,106,3.87,6.75,Yes
2002,0,0,0,0,0,0,73.9,235,14,4.83,NA,33.5,110,4.26,7.35,Yes
2002,0,0,0,1,0,1,76,215,32,4.85,NA,32,107,4.21,7,Yes
2002,0,1,0,0,0,1,74.3,211,31,4.86,NA,27,97,4.5,7.34,Yes
2002,0,0,0,0,0,1,75.9,221,30,4.64,NA,38.5,118,3.9,6.85,Yes
2002,0,0,0,0,0,0,75,206,25,4.95,NA,30,108,4.44,7.28,No
2002,0,0,0,0,0,0,74.1,223,35,4.93,NA,29,105,4.28,7.46,Yes
2002,0,0,0,0,0,1,74.5,219,32,5.24,NA,33.5,111,4.09,7.12,Yes
2002,0,0,0,0,0,1,73.8,220,23,4.9,NA,34,110,4.14,7.06,No
2001,0,0,1,0,0,1,73,227,20,4.85,NA,29.5,102,4.38,7.55,No
2001,0,0,0,0,0,0,74.5,221,27,4.95,NA,29.5,105,4.48,7.54,No
2001,0,1,0,0,0,0,72.3,213,28,4.85,NA,32,105,4.21,7.09,Yes
2001,0,0,0,0,0,0,74.1,225,30,4.61,NA,35.5,113,4.12,7.12,Yes
2001,0,0,0,0,0,1,76.4,238,31,5.19,20,29.5,101,4.62,7.78,No
2001,0,0,0,0,0,0,75.9,199,29,4.84,NA,NA,NA,NA,NA,No
2001,1,0,0,0,0,1,73,211,23,4.83,NA,33,113,4.4,7.27,No
2001,0,0,1,0,0,0,73.8,215,30,4.82,NA,37.5,114,4.15,7.18,No
2001,0,0,0,1,0,0,72.6,234,14,4.83,NA,34.5,108,4.4,7.32,No
2001,0,0,0,0,1,0,74,226,18,4.87,NA,35.5,106,4.27,7.33,No
2001,0,1,0,0,0,0,74.4,207,27,4.55,NA,37.5,124,4.12,7.12,Yes
2001,0,0,0,0,0,1,72.1,205,11,4.64,NA,35,110,4.51,7.4,No
2001,0,0,0,0,0,1,74,231,32,4.79,NA,35.5,112,4.29,7.13,Yes
2001,0,0,0,0,0,0,75,223,27,4.73,NA,31.5,115,4.2,7.37,No
2001,0,0,1,0,0,1,76.4,228,32,4.77,NA,34,107,4.29,7.07,Yes
2001,0,0,0,1,0,0,73.1,223,24,4.71,NA,35.5,115,4.35,7.36,Yes
2001,1,0,0,0,0,0,72,210,20,4.33,NA,38,NA,NA,NA,Yes
2000,0,1,0,0,0,0,76.4,211,33,5.3,NA,24.5,99,4.38,7.2,Yes
2000,0,0,0,0,0,1,75.5,218,35,5.03,NA,29,101,4.87,7.54,No
2000,0,0,1,0,0,1,73.6,208,29,4.96,NA,NA,100,4.34,7.46,Yes
2000,0,1,0,0,0,0,75.9,206,30,5.07,NA,28.5,107,4.42,7.46,No
2000,0,0,0,0,0,1,74.6,224,32,4.76,NA,36.5,119,4.23,6.94,No
2000,0,0,0,0,0,1,71,207,18,4.94,NA,31,106,4.45,7.3,No
2000,0,0,0,0,0,0,73.4,225,33,5.24,NA,27.5,100,4.42,7.51,No
2000,1,0,0,0,0,1,70.3,192,18,4.84,NA,NA,106,NA,NA,Yes
2000,0,0,0,1,0,0,75.1,216,39,5.22,NA,27.5,99,4.41,7.17,Yes
2000,1,0,0,0,0,0,73,226,18,4.68,NA,NA,109,NA,NA,Yes
2000,0,0,0,0,0,1,74.4,226,28,4.95,NA,29.5,96,NA,NA,No
2000,0,0,0,0,0,1,75,202,32,5.03,NA,25.5,95,4.41,7.21,No
2000,0,0,0,0,0,1,72.4,202,26,5.05,NA,27,97,4.24,7.28,No
2000,0,0,0,0,0,1,73.6,227,11,4.61,NA,34.5,113,NA,NA,Yes
2000,0,0,0,0,1,0,75.4,229,25,4.85,NA,33.5,111,4.16,7.12,Yes
2000,0,0,0,0,0,0,72.5,215,27,4.93,NA,25.5,100,4.21,7.34,Yes
2000,1,0,0,0,0,1,74.8,222,16,5.37,NA,26.5,98,4.78,7.8,Yes
2000,0,0,0,0,0,0,75.4,229,25,4.95,NA,34,108,4.59,7.71,Yes
1999,0,0,1,0,1,0,75,236,31,5.26,NA,31,103,4.61,7.66,No
1999,0,0,1,0,0,1,73,205,10,4.85,NA,33,113,4.62,7.63,Yes
1999,1,0,0,0,0,1,75.5,203,17,4.59,NA,35.5,118,4.29,7.52,Yes
1999,0,0,0,0,0,0,71.6,207,22,4.84,NA,33.5,112,4.32,7.29,No
1999,0,0,0,0,0,0,76.1,225,22,5.08,NA,31,NA,4.34,NA,Yes
1999,1,0,0,0,0,0,74.1,219,21,4.67,NA,34,107,4.42,7.62,Yes
1999,0,0,0,0,0,1,75.8,255,18,4.52,NA,39,122,4.13,7.21,Yes
1999,0,0,0,0,0,0,73.8,203,32,4.91,NA,32.5,109,4.37,7.39,No
1999,1,0,0,0,0,1,75.5,199,6,4.89,NA,31,103,4.82,7.5,No
1999,0,1,0,0,1,0,75,216,20,4.78,NA,33,109,4.27,7.06,No
1999,0,1,0,0,0,1,75,220,21,4.77,NA,33.5,107,4.2,7.36,No
1999,0,1,0,0,0,0,73.3,211,25,4.8,NA,32,102,4.21,7.18,Yes
1999,0,0,0,0,0,0,74.5,223,27,5.06,NA,30.5,107,4.33,7.29,Yes
1999,0,0,0,1,0,0,77,227,25,5.12,NA,30.5,107,4.44,7.44,Yes
1999,0,0,0,0,0,0,72,221,25,4.77,NA,33,113,4.29,NA,Yes
1999,1,0,0,0,0,1,74.1,204,29,4.9,NA,31,103,4.56,7.66,No
1999,0,0,0,0,0,0,73.9,212,22,4.79,NA,32.5,111,4.27,7.21,No
1999,0,0,0,1,0,0,74,210,43,4.97,NA,31.5,103,4.35,7.43,No
1999,1,0,0,0,0,1,74.3,223,14,4.64,NA,33,116,4.38,7.3,Yes
1999,0,0,0,1,0,1,72.9,213,28,4.76,NA,33.5,108,4.28,7.27,Yes
1999,0,0,0,1,0,1,74.8,227,26,4.7,NA,34,111,4.29,6.99,Yes
1999,0,0,0,0,0,0,74.4,226,12,5.14,NA,30.5,106,4.51,7.5,No
1999,0,0,0,0,0,0,73.4,195,16,4.74,NA,31,116,4.35,7.45,No
1998,0,0,0,0,0,0,73.9,216,NA,4.89,NA,33.5,118,4.11,7.6,Yes
1998,1,0,0,0,1,0,74.1,223,NA,4.97,NA,30.5,110,NA,NA,No
1998,1,0,0,0,0,1,73,212,NA,5.02,NA,31,104,4.39,7.85,No
1998,0,0,0,0,0,1,75.9,219,NA,4.68,NA,29,104,4.22,7.55,No
1998,0,0,0,0,1,0,73.6,225,NA,4.72,NA,33.5,114,4.3,7.74,No
1998,0,0,0,0,0,1,74.6,214,NA,4.89,NA,29,104,4.23,7.58,No
1998,0,0,0,0,0,1,74.6,211,NA,4.78,NA,34.5,114,4.04,7.25,No
1998,0,0,0,1,0,0,77.4,261,NA,NA,NA,NA,NA,NA,NA,Yes
1998,0,0,0,0,0,1,77.3,230,NA,NA,NA,NA,NA,NA,NA,No
1998,0,0,0,0,0,0,69.8,196,NA,4.8,15,29.5,109,NA,NA,No
1998,0,1,0,0,0,0,76.3,223,NA,5.16,NA,26,99,4.4,7.79,No
1998,1,0,0,0,0,0,73.6,219,NA,5.1,NA,26,98,4.35,7.53,No
1998,0,1,0,0,0,1,76.1,218,NA,4.98,NA,31,109,4.15,7.45,No
1998,0,1,0,0,1,0,73.9,207,NA,5.06,NA,26.5,103,4.37,7.68,No
1997,0,0,0,0,0,0,75.1,211,NA,5.19,NA,27,102,4.67,8.03,No
1997,0,0,0,1,0,1,75.1,212,NA,NA,NA,NA,NA,NA,NA,Yes
1997,0,0,0,0,0,1,75.9,222,NA,5.11,NA,28.5,105,4.38,7.8,Yes
1997,0,0,1,0,0,0,74.6,211,NA,4.98,NA,31.5,108,4.36,7.69,Yes
1997,0,0,0,0,0,0,71.4,204,NA,4.78,NA,30,105,4.67,8.25,No
1997,0,0,0,0,0,0,75.5,220,NA,4.92,NA,30.5,107,4.33,7.85,No
1997,0,0,0,1,0,0,72.9,180,NA,5.14,NA,28.5,103,4.37,7.79,Yes
1997,1,0,0,0,0,1,76.6,234,NA,NA,NA,29,106,4.28,7.92,Yes
1997,0,0,0,0,0,0,76.4,227,NA,5.23,NA,27,97,NA,NA,No
1997,0,0,0,0,0,1,74.3,220,NA,NA,NA,NA,NA,NA,NA,No
1997,0,0,0,0,0,0,74.4,234,NA,5.01,NA,29,101,4.47,7.81,No
1997,0,0,0,0,0,1,78.1,224,NA,5,NA,31.5,112,4.39,7.54,No
1997,0,0,0,1,0,0,74.3,195,NA,4.96,NA,30,111,4.29,7.3,Yes
1997,0,1,0,0,0,0,76.4,221,NA,4.95,NA,31,109,4.47,7.97,Yes
1997,0,0,0,0,0,0,72.4,208,NA,4.96,NA,30,104,4.51,8.16,No
1997,0,0,0,0,0,0,73.8,212,NA,4.9,NA,28,100,4.42,7.69,Yes
1996,0,1,0,0,0,1,76.5,220,NA,4.93,NA,NA,NA,4.55,NA,Yes
1996,0,0,0,0,1,0,73.8,196,NA,4.88,NA,29,109,4.62,NA,No
1996,0,1,0,0,0,1,75.5,218,NA,4.69,NA,33,113,4.13,NA,No
1996,0,0,0,0,0,0,73.1,240,NA,4.94,NA,30,105,4.73,NA,No
1996,0,0,0,0,0,0,70.4,185,NA,5.19,NA,29,108,4.51,NA,No
1996,1,0,0,0,0,1,74.8,204,NA,5.17,NA,31,117,4.41,NA,No
1996,0,1,0,0,0,1,75.3,221,NA,4.73,NA,31,108,4.16,NA,Yes
1996,1,0,0,0,0,1,75.4,222,NA,NA,NA,NA,NA,NA,NA,Yes
1996,0,0,0,0,0,1,72.9,209,NA,NA,NA,NA,NA,NA,NA,No
1996,0,0,0,0,0,0,73.8,215,NA,NA,NA,NA,NA,NA,NA,Yes
1996,0,1,0,0,1,0,74.5,218,NA,NA,NA,NA,NA,NA,NA,No
1996,0,0,0,0,0,1,73.6,235,NA,5.07,NA,24.5,99,4.79,NA,No
1996,0,0,0,0,0,0,74.1,198,NA,5.05,NA,31.5,108,4.53,NA,No
1996,0,0,0,0,0,0,74.5,207,NA,4.71,NA,36.5,120,4.32,NA,No
1996,0,0,0,0,0,0,73.8,211,NA,4.97,NA,25.5,107,NA,NA,No
1996,0,0,0,0,0,0,72.5,211,NA,4.94,NA,29.5,108,4.21,NA,No
1996,0,0,0,0,0,1,75.8,222,NA,NA,NA,NA,NA,NA,NA,No
1996,0,0,0,0,0,0,74.4,220,NA,NA,NA,NA,NA,NA,NA,No
1996,0,0,0,0,0,1,76.3,233,NA,5.14,NA,25,96,4.65,NA,No
1996,0,0,0,1,0,0,72.5,211,NA,NA,NA,NA,NA,NA,NA,No
1995,0,0,0,0,0,1,74.4,212,NA,4.94,NA,27,105,4.31,NA,No
1995,0,0,0,1,0,1,74.9,210,NA,NA,NA,NA,NA,NA,NA,Yes
1995,0,0,0,0,0,0,74.5,206,NA,4.83,NA,30.5,111,4.25,NA,Yes
1995,0,1,0,0,0,0,77,240,NA,NA,NA,NA,NA,NA,NA,Yes
1995,0,1,0,0,0,1,76.6,224,NA,5.07,NA,30,111,4.34,NA,Yes
1995,1,0,0,0,0,1,75.3,215,NA,5.13,NA,25,101,4.66,NA,No
1995,0,0,0,0,0,1,74.1,203,NA,5,NA,27,110,4.47,NA,No
1995,0,0,0,0,0,1,73.5,213,NA,4.91,NA,30,111,4.12,NA,No
1995,0,0,0,0,0,0,74.4,202,NA,5.12,NA,28,107,4.44,NA,No
1995,0,0,0,0,0,0,75.3,223,NA,NA,NA,NA,NA,NA,NA,Yes
1995,1,0,0,0,0,1,75,205,NA,4.7,NA,31,113,4.09,NA,No
1995,0,0,1,0,1,0,73.4,226,NA,NA,NA,NA,NA,NA,NA,No
1995,0,0,0,0,0,0,73.6,224,NA,NA,NA,NA,115,NA,NA,Yes
1995,0,0,0,0,0,1,74.4,206,NA,5.07,NA,27.5,107,4.38,NA,No
1995,0,0,0,1,0,0,73.9,199,NA,5.08,NA,28,100,4.03,NA,Yes
1995,0,0,0,1,0,1,73.5,212,NA,4.52,NA,36,125,4.13,NA,Yes
1995,0,0,0,0,0,1,75,214,NA,NA,NA,NA,NA,NA,NA,No
1995,0,0,0,0,0,0,72.5,208,NA,NA,NA,NA,NA,NA,NA,Yes
1994,0,0,0,0,0,0,74.9,223,NA,5.08,NA,26.5,108,4.25,NA,No
1994,1,0,0,0,0,0,72.8,208,NA,NA,NA,34.5,113,4.23,NA,No
1994,0,1,0,0,0,1,74.4,215,NA,5.1,NA,29.5,108,4.36,NA,No
1994,0,0,0,0,0,1,74.5,217,NA,NA,NA,26,104,4.76,NA,No
1994,0,0,0,0,0,0,75.3,228,NA,NA,NA,NA,NA,NA,NA,Yes
1994,0,0,0,0,0,1,76.4,189,NA,5.01,NA,26.5,112,4.38,NA,No
1994,0,0,0,0,0,1,73.4,215,NA,4.81,NA,33.5,116,4.46,NA,No
1994,1,0,0,0,0,1,72.8,212,NA,NA,NA,NA,NA,NA,NA,Yes
1994,0,0,0,0,0,1,75,221,NA,5.04,NA,26,102,4.79,NA,Yes
1994,1,0,0,0,0,1,72.8,201,NA,5.14,NA,27.5,105,4.54,NA,No
1994,0,0,1,0,0,1,73,218,NA,5.12,NA,27,99,4.47,NA,No
1994,0,0,0,0,1,0,74.4,214,NA,4.84,NA,32.5,115,4.2,NA,Yes
1994,0,0,1,0,0,1,74.5,218,NA,5.03,NA,29.5,111,4.45,NA,No
1994,0,0,0,0,0,0,74.9,208,NA,NA,NA,NA,NA,NA,NA,Yes
1994,0,1,0,0,1,0,74.3,227,NA,5.13,NA,24.5,100,4.39,NA,Yes
1994,0,0,0,0,0,0,79,239,NA,5.36,NA,26.5,99,4.73,NA,No
1994,0,0,0,0,0,1,74.9,211,NA,4.88,NA,33,113,4.13,NA,Yes
1994,0,0,0,0,0,0,74,221,NA,NA,NA,NA,NA,NA,NA,Yes
1994,0,0,0,0,0,0,75.1,235,NA,5.02,NA,30,106,4.66,NA,No
1993,0,0,0,1,0,0,77,233,NA,NA,NA,32.5,111,4.54,NA,Yes
1993,0,0,0,0,0,1,76.4,230,NA,5.02,NA,28.5,106,4.27,NA,No
1993,0,0,0,1,1,0,73,206,NA,4.7,NA,30.5,112,4.19,NA,Yes
1993,0,0,0,0,0,1,71.4,211,NA,NA,NA,NA,NA,NA,NA,No
1993,0,1,0,0,0,1,77.1,232,NA,4.81,NA,31.5,112,4.5,NA,Yes
1993,0,1,0,0,0,0,74.5,211,NA,4.92,NA,32.5,116,4.2,NA,Yes
1993,0,0,0,1,0,0,74.6,234,NA,4.89,NA,30.5,109,4.29,NA,Yes
1993,0,1,0,0,0,1,75.5,212,NA,4.72,NA,36.5,122,4.39,NA,No
1993,0,0,0,0,0,1,73.3,212,NA,5.12,NA,26.5,103,4.46,NA,No
1993,0,0,0,0,0,0,75.1,228,NA,5.17,NA,27.5,103,4.62,NA,No
1993,0,0,0,0,0,0,73,192,NA,4.96,NA,27.5,104,4.28,NA,No
1993,0,0,0,0,0,1,74.4,210,NA,4.83,NA,31,115,4.3,NA,No
1993,0,0,0,0,1,0,74.6,196,NA,4.89,NA,32,105,4.37,NA,No
1993,1,0,0,0,0,1,74,216,NA,NA,NA,NA,NA,NA,NA,Yes
1993,0,0,0,0,0,0,72.6,241,NA,4.87,NA,31.5,105,4.76,NA,No
1993,0,0,0,0,0,0,72.1,208,NA,5.1,NA,24.5,99,4.53,NA,No
1993,0,0,0,0,0,1,76.3,223,NA,NA,NA,NA,NA,NA,NA,No
1993,1,0,0,0,0,1,74,219,NA,NA,NA,31,106,NA,NA,Yes
1993,1,0,0,0,0,1,72,212,NA,4.97,NA,30.5,NA,NA,NA,Yes
1993,0,0,0,0,0,1,76.5,206,NA,4.89,NA,28.5,106,4.59,NA,No
1993,0,0,0,0,0,0,78,234,NA,5.31,NA,23,90,4.66,NA,No
1992,0,0,0,0,0,1,73.5,207,NA,4.92,NA,28.5,108,4.5,NA,No
1992,0,0,0,0,0,0,73.1,212,NA,5.06,NA,29.5,110,4.58,NA,No
1992,0,0,0,0,0,0,71.8,202,NA,4.86,NA,30.5,115,4.6,NA,Yes
1992,1,0,0,0,0,1,78,228,NA,4.99,NA,25.5,103,4.53,NA,Yes
1992,0,0,0,0,0,0,71.8,179,NA,NA,NA,NA,NA,NA,NA,Yes
1992,1,0,0,0,0,1,74.6,208,NA,4.88,NA,32,106,4.46,NA,Yes
1992,0,1,0,0,0,0,76.9,232,NA,5.14,NA,27.5,103,4.21,NA,Yes
1992,0,0,0,0,0,1,74.3,231,NA,5.17,NA,23.5,102,4.79,NA,No
1992,1,0,0,0,0,1,76.5,218,NA,5.02,NA,29.5,110,4.29,NA,Yes
1992,0,0,0,0,1,0,74.4,217,NA,5.14,NA,26,103,4.31,NA,No
1992,0,0,1,0,0,1,74.5,205,NA,4.82,NA,32.5,111,4.01,NA,Yes
1992,0,1,0,0,0,0,74,184,NA,4.76,NA,32.5,119,4.31,NA,No
1992,0,1,0,0,0,1,73.6,208,NA,4.71,NA,31.5,120,NA,NA,No
1992,0,0,0,1,0,0,73.5,204,NA,4.89,NA,29.5,112,4.46,NA,No
1992,0,0,1,0,0,1,74.4,223,NA,4.84,NA,29,101,4.34,NA,No
1992,0,1,0,0,0,0,74.3,213,NA,4.98,NA,26.5,110,4.22,NA,No
1992,0,0,0,0,0,0,74.6,199,NA,4.88,NA,27,NA,4.22,NA,Yes
1992,0,1,0,0,0,0,76.6,234,NA,4.86,NA,29.5,107,4.21,NA,Yes
1992,0,0,0,0,0,0,75.6,207,NA,4.87,NA,30.5,109,4.34,NA,No
1992,0,0,0,0,0,1,74.6,211,NA,5.21,NA,23.5,97,4.53,NA,No
1992,1,0,0,0,0,1,72.6,200,NA,4.83,NA,32.5,102,4.06,NA,Yes
1991,0,0,0,0,0,1,74,209,NA,4.97,NA,29.5,106,4.49,NA,No
1991,0,1,0,0,0,1,73.4,214,NA,5.08,NA,27.5,105,4.61,NA,No
1991,0,0,0,0,1,0,75.9,214,NA,5.05,NA,27.5,106,4.58,NA,No
1991,0,0,0,0,0,0,74.1,218,NA,5.03,NA,28.5,100,4.38,NA,No
1991,0,0,0,0,0,1,72.6,206,NA,4.95,NA,29.5,104,4.51,NA,No
1991,0,1,0,0,0,1,72,192,NA,4.81,NA,26,102,4.22,NA,No
1991,0,0,0,0,0,1,74,217,NA,NA,NA,NA,NA,NA,NA,No
1991,0,1,0,0,0,0,73.4,197,NA,5.07,NA,27,100,4.3,NA,No
1991,0,0,0,1,0,0,73,213,NA,5.27,NA,25,97,4.52,NA,No
1991,0,0,0,0,0,1,73.3,203,NA,NA,NA,32,116,NA,NA,No
1991,0,0,0,0,0,1,75.1,215,NA,4.93,NA,28.5,104,4.31,NA,Yes
1991,0,0,1,0,0,1,73.3,208,NA,4.98,NA,27.5,102,4.56,NA,No
1991,0,0,0,1,0,1,75.8,202,NA,5.04,NA,27.5,104,4.36,NA,Yes
1991,0,0,0,0,0,1,74.1,223,NA,5.17,NA,27,103,4.43,NA,No
1991,0,0,0,0,0,0,79.9,243,NA,5.1,NA,31.5,114,4.36,NA,Yes
1991,1,0,0,0,0,1,73.9,213,NA,NA,NA,NA,NA,NA,NA,Yes
1991,0,0,0,1,0,0,74.3,200,NA,4.98,NA,30.5,106,4.27,NA,Yes
1991,1,0,0,0,0,0,74.3,231,NA,NA,NA,NA,NA,NA,NA,Yes
1991,1,0,0,0,0,1,74.3,199,NA,4.96,NA,34.5,118,4.38,NA,No
1991,0,0,0,0,0,0,76.1,216,NA,4.69,NA,33,116,4.31,NA,No
1991,0,0,0,0,1,0,72,231,NA,NA,NA,NA,NA,NA,NA,No
1991,0,1,0,0,0,0,77,222,NA,5.01,NA,30.5,105,4.4,NA,Yes
1990,0,0,0,0,0,0,74.8,203,NA,5.2,NA,23,100,4.64,NA,No
1990,0,0,0,0,0,0,75.1,220,NA,4.97,NA,26,106,4.36,NA,No
1990,0,0,0,0,0,0,74.6,218,NA,5.04,NA,25,103,4.33,NA,Yes
1990,0,0,0,0,0,0,76.9,225,NA,5.07,NA,27.5,101,4.39,NA,No
1990,0,0,0,1,0,0,76,215,NA,4.96,NA,26.5,109,4.56,NA,Yes
1990,0,0,0,0,0,1,73.3,203,NA,NA,NA,NA,NA,NA,NA,No
1990,0,1,0,0,0,0,73.5,200,NA,4.93,NA,29.5,108,4.14,NA,No
1990,0,0,0,0,0,1,76.3,209,NA,5.29,NA,22,97,4.57,NA,Yes
1990,0,0,0,0,0,1,75,222,NA,4.84,NA,28,109,4.54,NA,No
1990,0,0,0,0,0,0,76.3,210,NA,5.01,NA,27,100,4.31,NA,No
1990,0,0,1,0,0,1,70.4,184,NA,5.15,NA,26,99,4.27,NA,No
1990,0,0,0,0,0,0,74.8,200,NA,NA,NA,NA,NA,NA,NA,No
1990,0,0,0,0,0,1,74,189,NA,4.94,NA,30.5,110,4.4,NA,No
1990,0,0,0,0,0,1,73.5,190,NA,4.92,NA,28,111,4.34,NA,No
1990,0,1,0,0,0,1,74.3,217,NA,4.89,NA,32.5,109,4.03,NA,Yes
1990,0,0,0,0,0,0,74.3,202,NA,NA,NA,NA,118,NA,NA,No
1990,1,0,0,0,0,1,72.3,197,NA,4.82,NA,37,118,4.1,NA,No
1990,0,1,0,0,0,0,73.5,214,NA,5.03,NA,26,105,4.48,NA,No
1990,0,0,0,0,0,0,73.1,217,NA,NA,NA,NA,NA,NA,NA,No
1990,0,0,0,1,0,1,75.4,201,NA,4.73,NA,33.5,116,4.13,NA,Yes
1990,1,0,0,0,0,1,74,188,NA,5.12,NA,26,94,4.53,NA,No
1989,0,0,0,0,0,0,75,209,NA,5.06,NA,32,106,4.41,NA,Yes
1989,1,0,0,0,0,0,75.4,199,NA,4.78,NA,28,102,4.37,NA,Yes
1989,1,0,0,0,0,1,75.3,221,NA,5.02,NA,29.5,97,4.5,NA,Yes
1989,0,0,0,0,0,1,75.5,218,NA,4.9,NA,29.5,102,4.51,NA,Yes
1989,0,0,0,0,0,0,72.5,192,NA,4.85,NA,29.5,109,4.06,NA,No
1989,0,0,0,0,0,0,73.5,210,NA,NA,NA,NA,NA,NA,NA,No
1989,0,1,0,0,0,0,72.8,208,NA,NA,NA,NA,NA,4.17,NA,No
1989,0,0,0,0,0,0,73.4,207,NA,4.94,NA,29,105,4.53,NA,No
1989,0,0,0,0,0,1,74,210,NA,4.88,NA,32.5,117,4.6,NA,No
1989,0,0,0,0,0,1,72.9,196,NA,4.79,NA,35,116,4.03,NA,No
1989,0,0,0,0,0,0,73.3,209,NA,4.64,NA,34,110,4.34,NA,No
1989,0,0,0,0,0,1,75.3,215,NA,5.19,NA,26.5,97,4.64,NA,No
1989,0,0,0,0,0,1,72.5,195,NA,4.72,NA,29,103,4.53,NA,Yes
1989,1,0,0,0,0,1,76,213,NA,5.12,NA,27.5,100,4.43,NA,No
1989,0,0,0,0,0,1,75.3,225,NA,5.09,NA,25.5,104,4.45,NA,No
1989,0,0,1,0,0,0,72.6,217,NA,5.09,NA,28.5,96,4.42,NA,Yes
1989,0,0,0,1,1,0,74.8,209,NA,5.18,NA,26,101,4.21,NA,Yes
1988,0,0,0,0,0,0,74.1,200,NA,5.07,NA,28.5,102,4.63,NA,Yes
1988,0,0,0,0,0,1,71.9,208,NA,4.72,NA,32.5,108,4.39,NA,No
1988,0,0,0,1,0,1,75.9,211,NA,4.87,10,30,102,4.4,NA,Yes
1988,0,1,0,0,1,0,71.5,195,NA,5.27,5,26.5,99,4.64,NA,No
1988,0,0,0,0,0,0,73.9,223,NA,4.93,NA,28,102,4.56,NA,Yes
1988,0,1,0,0,0,1,74.4,198,NA,4.91,NA,28.5,101,4.6,NA,No
1988,1,0,0,0,0,1,75,196,NA,NA,NA,NA,NA,NA,NA,No
1988,0,0,1,0,0,1,74.6,206,NA,5.1,NA,25.5,97,4.62,NA,No
1988,1,0,0,0,0,0,71.5,196,NA,4.86,NA,25,101,4.49,NA,No
1988,1,0,0,0,0,1,73.1,181,NA,4.53,NA,32,114,4.2,NA,No
1988,0,0,0,0,0,0,73.5,207,NA,NA,16,NA,NA,NA,NA,No
1988,0,0,0,0,0,0,73.9,207,NA,4.98,10,27.5,100,4.5,NA,No
1988,1,0,0,0,1,0,73.5,185,NA,4.99,1,26.5,103,4.57,NA,No
1988,1,0,0,0,0,0,74.3,203,NA,4.72,9,31,108,4.39,NA,No
1987,1,0,0,0,0,0,74.4,203,NA,5.1,3,23,93,4.63,NA,Yes
1987,0,0,1,0,0,1,75,191,NA,4.82,NA,29.5,111,4.45,NA,Yes
1987,0,0,0,0,0,0,74.3,193,NA,4.58,7,32.5,110,4.11,NA,Yes
1987,1,0,0,0,0,0,76.3,217,NA,5.14,10,23.5,94,4.53,NA,No
1987,0,1,0,0,1,0,74.3,203,NA,NA,NA,NA,NA,NA,NA,Yes
1987,0,0,0,0,0,1,73.8,197,NA,4.86,NA,25,105,4.52,NA,Yes
1987,1,0,0,0,0,1,73.5,199,NA,4.83,NA,34,116,4.13,NA,Yes
1987,0,0,0,1,0,0,73.4,190,NA,4.74,NA,30.5,117,4.35,NA,Yes
1987,0,0,0,0,0,1,73.5,204,NA,4.96,10,24,99,4.22,NA,No
1987,0,0,0,0,0,1,74,201,NA,5.13,2,26.5,99,4.49,NA,No
1987,0,0,0,0,1,0,75.6,207,NA,5.15,6,26.5,104,4.63,NA,No
1987,0,0,0,0,0,1,75,212,NA,4.95,NA,28,108,4.51,NA,Yes
1987,0,0,0,0,0,1,71.3,187,NA,NA,NA,NA,NA,NA,NA,Yes
1987,1,0,0,0,0,1,76.3,213,NA,4.75,13,NA,NA,NA,NA,Yes
1987,0,0,0,1,0,0,73,206,NA,4.83,8,24,106,4.41,NA,No
,,,,,,,,,,,,,,,,
,,,,,,,,,,,,,,,,
,,,,,,,,,,,,,,,,
,,,,,,,,,,,,,,,,
,,,,,,,,,,,,,,,,
,,,,,,,,,,,,,,,,
,,,,,,,,,,,,,,,,
,,,,,,,,,,,,,,,,
,,,,,,,,,,,,,,,,
,,,,,,,,,,,,,,,,
,,,,,,,,,,,,,,,,
,,,,,,,,,,,,,,,,
,,,,,,,,,,,,,,,,
,,,,,,,,,,,,,,,,
,,,,,,,,,,,,,,,,
,,,,,,,,,,,,,,,,
,,,,,,,,,,,,,,,,
,,,,,,,,,,,,,,,,
,,,,,,,,,,,,,,,,
,,,,,,,,,,,,,,,,
,,,,,,,,,,,,,,,,
,,,,,,,,,,,,,,,,
,,,,,,,,,,,,,,,,
,,,,,,,,,,,,,,,,
,,,,,,,,,,,,,,,,
,,,,,,,,,,,,,,,,
,,,,,,,,,,,,,,,,
,,,,,,,,,,,,,,,,
,,,,,,,,,,,,,,,,
,,,,,,,,,,,,,,,,
,,,,,,,,,,,,,,,,
,,,,,,,,,,,,,,,,
,,,,,,,,,,,,,,,,
,,,,,,,,,,,,,,,,
,,,,,,,,,,,,,,,,
,,,,,,,,,,,,,,,,
,,,,,,,,,,,,,,,,
,,,,,,,,,,,,,,,,
,,,,,,,,,,,,,,,,
,,,,,,,,,,,,,,,,
,,,,,,,,,,,,,,,,
,,,,,,,,,,,,,,,,
,,,,,,,,,,,,,,,,
,,,,,,,,,,,,,,,,
,,,,,,,,,,,,,,,,
,,,,,,,,,,,,,,,,
,,,,,,,,,,,,,,,,
,,,,,,,,,,,,,,,,
,,,,,,,,,,,,,,,,
,,,,,,,,,,,,,,,,
,,,,,,,,,,,,,,,,
,,,,,,,,,,,,,,,,
,,,,,,,,,,,,,,,,
,,,,,,,,,,,,,,,,
,,,,,,,,,,,,,,,,
,,,,,,,,,,,,,,,,
,,,,,,,,,,,,,,,,
,,,,,,,,,,,,,,,,
,,,,,,,,,,,,,,,,
,,,,,,,,,,,,,,,,
,,,,,,,,,,,,,,,,
,,,,,,,,,,,,,,,,
,,,,,,,,,,,,,,,,
,,,,,,,,,,,,,,,,
,,,,,,,,,,,,,,,,
,,,,,,,,,,,,,,,,
,,,,,,,,,,,,,,,,
,,,,,,,,,,,,,,,,
,,,,,,,,,,,,,,,,
,,,,,,,,,,,,,,,,
,,,,,0,1,,,,,,,,,,
,,,,,0,0,,,,,,,,,,
,,,,,1,0,,,,,,,,,,
,,,,,0,1,,,,,,,,,,
,,,,,0,0,,,,,,,,,,
,,,,,0,1,,,,,,,,,,
,,,,,0,0,,,,,,,,,,
,,,,,1,0,,,,,,,,,,
,,,,,0,0,,,,,,,,,,
,,,,,0,0,,,,,,,,,,
,,,,,0,0,,,,,,,,,,
,,,,,0,1,,,,,,,,,,
,,,,,0,1,,,,,,,,,,
,,,,,0,1,,,,,,,,,,
,,,,,0,0,,,,,,,,,,
,,,,,0,1,,,,,,,,,,
,,,,,0,0,,,,,,,,,,
,,,,,0,1,,,,,,,,,,
,,,,,0,0,,,,,,,,,,
,,,,,0,1,,,,,,,,,,
,,,,,0,1,,,,,,,,,,
,,,,,0,1,,,,,,,,,,
,,,,,0,0,,,,,,,,,,
,,,,,0,0,,,,,,,,,,
,,,,,1,0,,,,,,,,,,
,,,,,0,1,,,,,,,,,,
,,,,,0,1,,,,,,,,,,
,,,,,0,0,,,,,,,,,,
,,,,,0,1,,,,,,,,,,
,,,,,0,1,,,,,,,,,,
,,,,,0,1,,,,,,,,,,
,,,,,0,1,,,,,,,,,,
